{
  "_note1": "KEEP THIS FILE! Check it into a version control system (VCS) like git.",
  "_note2": "ObjectBox manages crucial IDs for your object model. See docs for details.",
  "_note3": "If you have VCS merge conflicts, you must resolve them according to ObjectBox docs.",
  "entities": [
    {
      "id": "1:8048906697214540847",
      "lastPropertyId": "4:854071604368851768",
      "name": "Note",
      "properties": [
        {
          "id": "1:3783254534719476737",
          "name": "id"
        },
        {
          "id": "2:7910072878284288455",
          "name": "text"
        },
        {
          "id": "3:2553885581740233553",
          "name": "comment"
        },
        {
          "id": "4:854071604368851768",
          "name": "date"
        }
      ]
    }
  ],
  "lastEntityId": "1:8048906697214540847",
  "lastIndexId": "0:0",
  "lastSequenceId": "0:0",
  "modelVersion": 2,
  "retiredEntityUids": [],
  "retiredIndexUids": [],
  "retiredPropertyUids": [],
  "version": 1
}